alpha,answer_em,answer_em_ci95_high,answer_em_ci95_low,answer_f1,answer_f1_ci95_high,answer_f1_ci95_low,attention_output_cos,attention_output_cos_ci95_high,attention_output_cos_ci95_low,attention_route_js,attention_route_js_ci95_high,attention_route_js_ci95_low,attention_route_overlap,attention_route_overlap_ci95_high,attention_route_overlap_ci95_low,ce_delta,ce_delta_ci95_high,ce_delta_ci95_low,experiment,k_cos,k_cos_ci95_high,k_cos_ci95_low,kv_joint_consistency,kv_joint_consistency_ci95_high,kv_joint_consistency_ci95_low,kv_mse,kv_mse_ci95_high,kv_mse_ci95_low,kv_relative_mse,kv_relative_mse_ci95_high,kv_relative_mse_ci95_low,logit_kl,logit_kl_ci95_high,logit_kl_ci95_low,n,top1_match,top1_match_ci95_high,top1_match_ci95_low,v_cos,v_cos_ci95_high,v_cos_ci95_low
0.0,0.0,0.0,0.0,0.10676736457986458,0.14928391053391052,0.06697612283549784,0.9999883736350706,0.9999999996673848,0.9999651219695807,0.0,0.0,0.0,1.0,1.0,1.0,0.0,0.0,0.0,native,1.0,1.0,1.0,1.0000001481135508,1.0000001536682248,1.0000001428582306,0.0,0.0,0.0,0.0,0.0,0.0,9.414079186304258e-09,1.3669978718886241e-08,5.4216727297543405e-09,64,1.0,1.0,1.0,1.0,1.0,1.0
0.25,0.0,0.0,0.0,0.07714299589299589,0.1107070707070707,0.045896521013708516,0.699882700374084,0.7041484921501252,0.6954351537632257,0.036004553886933924,0.03754687118625628,0.0344836442658009,0.7112607090966776,0.7166694296074898,0.7054461044828971,-0.3604466118849814,0.03016139109386119,-0.7751664142706431,autoencoder,0.9952661711389998,0.9952968274051922,0.9952311739857707,0.9856956298795662,0.9859224413953989,0.9854404709044112,0.536153450138743,0.5423191087465703,0.5300960133705974,0.01982784502875542,0.020071116715290112,0.01958901765666659,1.3915902909923554,1.593487557597434,1.2076014135658815,64,0.4880292934831232,0.5673645539791323,0.40656910092802717,0.9891000619224671,0.9891714132956363,0.9890223187111716
0.5,0.0,0.0,0.0,0.03772341510828353,0.06414824245107961,0.01616076700163871,0.43148342355162383,0.4366544846964254,0.42626732118158006,0.0911190324256625,0.09371006921673403,0.08874111265630355,0.5844912289009829,0.5945593949473862,0.5742074618831143,1.5672475988976657,2.1248095011687838,0.9957843140466138,autoencoder,0.9793592638868307,0.9795207815768663,0.9791939405441683,0.9317624857649207,0.9329438507232616,0.9303341188343308,2.144494282713465,2.168159597893305,2.1200551880578518,0.07931063975463205,0.08028378111518707,0.07839776602616308,2.759800050678578,3.132008809339884,2.414621671382459,64,0.2802911978214979,0.35072042151005006,0.21530607786844486,0.946789716703019,0.9473694244150205,0.9462177612893616
0.75,0.0,0.0,0.0,0.013222163865546217,0.023713235294117646,0.00392156862745098,0.24211640414559302,0.24771289229804389,0.23620950095263588,0.16359543729127574,0.1658881562125511,0.16146943248512405,0.4646509100899234,0.4774605824940538,0.45289646211812007,4.017735360190272,4.725933032855392,3.366959746135399,autoencoder,0.949779162183404,0.9501949768987418,0.9493413245313734,0.8179372035831745,0.8216079898835493,0.8142909335720886,4.825092723498853,4.882204217782836,4.772468507606901,0.1784488306854785,0.18069883899822473,0.17633420790033208,4.535869685674966,5.094884080930584,4.0162762083692956,64,0.15963711007498205,0.2102730184327811,0.1110215453285491,0.8502905038518033,0.8524622232628255,0.847922001858907
1.0,0.0,0.0,0.0,0.01049890350877193,0.02585868969298245,0.0,0.12442970752221479,0.13083538162022512,0.11792341623162314,0.2448246585525859,0.24696473940870678,0.24267533898888752,0.2950388126254049,0.30532649960358477,0.2843442940843358,6.617217477411032,7.466446194192395,5.813356488570571,autoencoder,0.9047272559920592,0.9054934759166956,0.9038589121308178,0.6105952960185408,0.6160998435722962,0.6039739246662326,8.577935575554875,8.675744327100526,8.489228189751962,0.3172422152627925,0.3212667242656607,0.31358134777905694,6.946289000482786,7.590280251554434,6.2316411241889,64,0.12251420668326318,0.1816388512321282,0.0687464498943882,0.6852768740583477,0.6902807320131356,0.6796022411157278
0.25,0.0,0.0,0.0,0.07802202138139638,0.1119142261818043,0.04763695614281552,0.7286033554534828,0.7332450491417798,0.723772263978026,0.03388124497567852,0.03553422473371159,0.032354896340036375,0.7116275067008766,0.7186179627024103,0.7046884938983047,0.766986747039482,1.4062712116050533,0.24045317927375437,mse_only,0.9944310013670474,0.9944674984144513,0.9943896924877274,0.9838329076301306,0.9840251147148332,0.9836130849193849,0.6175619519697843,0.6240257528700349,0.6111009770674546,0.02543171757523461,0.025686805347991788,0.025188069718852346,1.9080237488213974,2.1795072385945327,1.6458258714943972,64,0.4342278877738863,0.5180272660858464,0.35153397073736414,0.9887489322572947,0.9888185877677252,0.9886732464440033
0.5,0.0,0.0,0.0,0.048228173480930836,0.08009587609082093,0.020751285389957266,0.4351144363319171,0.44177975894417615,0.42817306538311506,0.08877821019736334,0.09203658228042123,0.08593879807662493,0.5676180833501608,0.5795931504999836,0.5566053012832917,4.684457802213728,5.521700360323303,3.8032468353630975,mse_only,0.974896501749754,0.9751007905562541,0.974694232303383,0.9189796813298017,0.9201821559250156,0.9175660838414582,2.470103080238719,2.4956920334027504,2.4439304103024875,0.10172603847604478,0.10273068929825188,0.10075237013302935,5.435885848178331,6.156624231882941,4.7870097493637935,64,0.1785984872840345,0.2480158052057959,0.11552349856647197,0.9402856017529433,0.9408649357967078,0.9397011310552313
0.75,0.0,0.0,0.0,0.027281746031746032,0.05481150793650793,0.006696428571428571,0.23654042797220348,0.2456857479444569,0.22620452925901488,0.21025840108839994,0.21445097744570896,0.20629408610194722,0.44535132677992806,0.46026724161160276,0.43197639066493143,6.182673454284668,7.138315927796066,5.366720216628164,mse_only,0.9370485786015967,0.9375983697462028,0.9364764425961767,0.7793547322009025,0.7833450394013197,0.7754220614467547,5.55772974532621,5.617553423985935,5.500077046619382,0.22888360111080275,0.23111903548069676,0.22667239931101255,6.483094083342008,7.198120204670904,5.80282743440691,64,0.10207826155237854,0.15576328405295495,0.05793979196459986,0.8183392996434122,0.8206733555125539,0.8158191542689953
1.0,0.0,0.0,0.0,0.0,0.0,0.0,0.12435351559789913,0.13601293188198074,0.1122130375451645,0.3860814890691212,0.38933361082475,0.3826384141465366,0.26767833795539836,0.2778646310849061,0.25737639206724583,8.057435039430857,9.102368655707687,7.097374036349356,mse_only,0.8775311735059534,0.8785971865315721,0.8763046061337394,0.5463153686619729,0.5525870505594086,0.5392130224654206,9.880397365934705,9.985534397546052,9.785816634170736,0.4069039712568545,0.4109935302084653,0.4031406108935959,8.76017995559937,9.450079720834212,7.969491789361293,64,0.06586174329277128,0.09759233055228833,0.036191406653961165,0.5954614213967164,0.6007596058733595,0.589403867967693
0.25,0.0,0.0,0.0,0.012620192307692308,0.02505008012820512,0.002403846153846154,0.37538409086807534,0.3848488366626449,0.3660531256119579,0.20063699554702907,0.20781783450858843,0.19288644463621107,0.2631322191009531,0.27217156414574545,0.25445477156593244,8.1029158718884,8.994160423241556,7.204263476189226,ce_only,0.9854160916791963,0.9855043855687003,0.9853262067256895,0.8762991425548015,0.8769160431886641,0.8756164796860372,2.0424096019747333,2.0533336517958167,2.031797121370775,8.391561820940947,8.430552599876371,8.35147141302015,10.312242856853969,10.965300713615468,9.659319050446056,64,0.023437500232830644,0.06770833348855376,0.0,0.7689664926791531,0.7694463530769488,0.7684918607078414
0.5,0.0,0.0,0.0,0.0,0.0,0.0,0.1357300797308239,0.14208689747579403,0.12927868416897498,0.3723542344939363,0.37890987452826397,0.36578733143417463,0.17825998324925812,0.18335924616736257,0.17304326737162878,3.4651182871311903,4.175941926054656,2.6900425527244805,ce_only,0.9009769913474364,0.9014360428629775,0.90048281471245,0.6870632565779877,0.6881135529215888,0.6859728578857488,8.169442476521779,8.211340542740905,8.128442149432004,33.56626243056962,33.72911114287916,33.39602842107977,7.235895966938434,7.880897413700481,6.606300139599822,64,0.027604167349636555,0.05833333497866988,0.00572916679084301,0.6067211463733153,0.6074279919302363,0.6059952335254138
0.75,0.0,0.0,0.0,0.0,0.0,0.0,0.05508049680057882,0.05905249915092584,0.050791206276937124,0.466778100459903,0.47068864985755815,0.4625818986925878,0.12955799704546475,0.13211534911871628,0.1269034415090833,2.814794300124049,3.5349141422193497,2.2088725803885607,ce_only,0.6177974590765578,0.6187755718033129,0.6168846647949457,0.3240278462409541,0.32538924078977033,0.32264758759030365,18.381246596375213,18.479345687622637,18.285078868053304,75.52404390097529,75.85710940909047,75.17310521552781,6.443092439726834,6.9791141473184215,5.894455786446085,64,0.058979303343221545,0.09659243364585564,0.023673651268472894,0.40030470831473913,0.4010964616040586,0.3994730044217802
1.0,0.0,0.0,0.0,0.0,0.0,0.0,0.015206484823739937,0.015820706574069678,0.014567555185199208,0.5037053514222083,0.5070874642061037,0.500515543176776,0.08678136505165769,0.08807127714966816,0.08561290377404347,2.794252159073949,3.525969478441402,2.120078364247456,ce_only,0.003681379022737019,0.003897477575299035,0.003472266796253162,-0.00019010362810994205,-7.742296231835359e-05,-0.00031230979040576095,32.67776612105912,32.85706954263899,32.50143808485424,134.26484866353815,134.94465481430194,133.62495991679856,6.289138210029442,6.761308431121082,5.774331845836916,64,0.05201231187675148,0.090298297823756,0.020807292062090713,0.01547747774606023,0.016130634235420466,0.014765128962946504
0.25,0.0,0.0,0.0,0.06442281676656678,0.09947875041625037,0.03441958432192808,0.6668968204674977,0.6712778701419926,0.6625484625896206,0.040389581629954464,0.042870611992865244,0.037999869317263804,0.6320771693385074,0.6407449151622132,0.6235597450905646,1.6998550165444613,2.2418339995667336,1.1585968137253075,mse_ce,0.994468853210232,0.9945273598556273,0.9944062213089118,0.97319050126576,0.973391222824908,0.9729970296395809,1.4037852032516378,1.4136785409835397,1.393616224331965,0.07634536456732478,0.07645689566382187,0.07624753162175953,3.2805150336509334,3.69787876381313,2.8952515568888195,64,0.29912236565724015,0.3754654576303437,0.21920991719234734,0.962772508517706,0.9629062924376091,0.9626354092224834
0.5,0.0,0.0,0.0,0.06379991536241536,0.0983941449175824,0.03385263174325674,0.24034806028742295,0.25196212972066084,0.22943161989639327,0.2094581560023861,0.214591631253383,0.20417298395363365,0.6118653875143666,0.6223512669549174,0.6028738157744686,0.19360760878771544,0.8385942130349576,-0.48146898166742175,mse_ce,0.9640811694054199,0.9643739700716522,0.9637632224758688,0.849901396515114,0.8507204392559028,0.8491189230931923,5.614936003915707,5.6524372778325676,5.5757721114190835,0.30538031149938305,0.30579930887096063,0.3049694418244014,3.1167719469579076,3.5596550531526705,2.70374028983913,64,0.35229809768497944,0.43003911241539755,0.27744792254525236,0.8478278316324578,0.8483044422930106,0.8473424692750476
0.75,0.0,0.0,0.0,0.07362021658896659,0.10837054438616939,0.04492339257964258,0.06573667094176017,0.07555742008038675,0.05477951062090938,0.4282781826415365,0.43188128370841566,0.42486308390652994,0.416661234381276,0.42366900920969786,0.4100891514640742,-1.2528885651845485,-0.6772834844130559,-1.778873116656905,mse_ce,0.8614944848564586,0.8621268654001013,0.8607963054524069,0.5206367812435408,0.522114087173499,0.5192468570327037,12.633613030304073,12.725293358232427,12.548069098399525,0.6871056689664589,0.6879639538036176,0.6861760858781054,2.9856007809077445,3.429935826976497,2.528247834536432,64,0.4336411028634757,0.5121319542231504,0.35242652833112514,0.6146863763653008,0.6157738598978281,0.6135608644343197
1.0,0.0,0.0,0.0,0.0984777808996559,0.1442425391448829,0.062252641022172275,0.012964866278837561,0.01870500315117007,0.006833525767296221,0.5343238066915157,0.5384259284997824,0.5303117384410663,0.09610223038180266,0.09712236482103306,0.09510367273900816,-0.9966859144624323,-0.3529823579592631,-1.5735752656881232,mse_ce,0.5125584804835464,0.5136879082008299,0.5113449171998321,0.04225065744098597,0.04291956426007683,0.041504180427401546,22.45974251785187,22.623037117430457,22.29863291386519,1.221521281953236,1.2234093482859734,1.2199159243231406,4.295247642197586,4.920225506596452,3.6607825308238677,64,0.34442303073592484,0.4111491799238138,0.27793497713282705,0.12006559323656671,0.12155321974335363,0.1183380392656935
0.25,0.0,0.0,0.0,0.043690493024132734,0.07306081887883359,0.01889655802224736,0.4369379004521241,0.4550594279555753,0.41708637351809685,0.15831244374593162,0.1690139690255624,0.14742351783825794,0.5891060134994665,0.6058310225626754,0.5727253017269374,3.390941893681884,4.290963502926751,2.549483421584591,rope_mse_ce,0.9921444709678846,0.9922116942005232,0.9920680181929907,0.9684401972751533,0.968679579280849,0.9681858263161431,1.2339595111653319,1.2443963426508389,1.2237373091120973,0.0565092595671948,0.056677490813808615,0.05635712347073942,3.694583494520194,4.184692257336801,3.2799903151712253,64,0.2238737855805084,0.29282911950140256,0.16518762165214868,0.9735329539648124,0.9736110122317249,0.9734509473084472
0.5,0.0,0.0,0.0,0.010416666666666666,0.03125,0.0,0.09934539240904477,0.11398570907370202,0.08515729405661308,0.3994600248032449,0.40385966915065574,0.395539811465382,0.2894340780247668,0.2981270758018322,0.2819091625885839,4.32296472042799,4.962471249233931,3.6778351180255413,rope_mse_ce,0.9601022404884654,0.9604044289519412,0.9597843285832953,0.8541189810992884,0.854899282050818,0.8533525153620367,4.9358166404846475,4.975290608184469,4.895725115330151,0.22603624339327716,0.2266192671927066,0.22545565617401733,6.366471782742769,6.82896496395391,5.9400845710079295,64,0.015222538262605667,0.030448035805602555,0.00414299254771322,0.8913050554526438,0.891784239388653,0.8908133579235125
0.75,0.0,0.0,0.0,0.0,0.0,0.0,0.018401268014084083,0.03119961219099951,0.005454945200808427,0.5059306034984599,0.5097098869847416,0.502347706686539,0.1847683273767221,0.18679566186910962,0.18282368763107765,3.730488359928131,4.3599990921095015,3.1537843984551728,rope_mse_ce,0.8863351610821806,0.8870199962053448,0.8856265550795278,0.5870854054810479,0.5888015664128553,0.585481782721555,11.105489776679729,11.199609475424896,11.017720095942073,0.5085810920884666,0.5098805075619436,0.5072192231343902,6.308785359451781,6.67391184666311,5.951142855945862,64,0.013399621471762657,0.025094697484746575,0.0031250000465661287,0.7013280851034714,0.7028823456625105,0.6995891096795925
1.0,0.0,0.0,0.0,0.0078125,0.0234375,0.0,-0.0195949583106552,-0.008272241292835894,-0.030676956793640832,0.5709152934307764,0.5743007801290202,0.5675805105199937,0.08937238639711204,0.09090159105232617,0.08792132935413975,3.746911771595478,4.38187520429492,3.0744570245966316,rope_mse_ce,0.7322600915961499,0.7334826577005775,0.7308746912974,0.15323367242358799,0.15522210430249814,0.15111515163661288,19.743147691276263,19.90753801954839,19.579662709483998,0.904144771542633,0.9068076072898943,0.9017977923483289,6.402106780181457,6.719446044103988,6.07810158496021,64,0.013399621471762657,0.026429924659896634,0.0031250000465661287,0.2703640355986343,0.2736058004052341,0.26673333012965617
